iso_time,chainlink_ts,binance_ts,binance_redis_ts,fair_value_redis_ts,time_to_expiry_ms,time_to_expiry_sec,strike_price,chainlink_price,binance_btcusdc_price,annualized_sigma_5m,annualized_sigma_10m,fair_value_sigma_5m,fair_value_sigma_10m,fair_value_sigma_5m_for_fv,fair_value_sigma_10m_for_fv,fair_value_deribit_iv,yes_bid,yes_ask,yes_execution_side,yes_exec_price_raw,yes_exec_price_fee_adj,taker_fee_rate,no_bid,no_ask,f_sigma_5m,g_sigma_5m,f_minus_g_sigma_5m,trade_signal_sigma_5m,f_sigma_10m,g_sigma_10m,f_minus_g_sigma_10m,trade_signal_sigma_10m,f_sigma_5m_for_fv,g_sigma_5m_for_fv,f_minus_g_sigma_5m_for_fv,trade_signal_sigma_5m_for_fv,f_sigma_10m_for_fv,g_sigma_10m_for_fv,f_minus_g_sigma_10m_for_fv,trade_signal_sigma_10m_for_fv,f_deribit_iv,g_deribit_iv,f_minus_g_deribit_iv,trade_signal_deribit_iv
2026-05-23T22:30:18.704Z,1779575417000,1779575418428,1779575418704,1779575418704,881296,881,76449.75,76452.49,76473.61,0.524958,0.552354,0.544203,0.541963,0.553207,0.551573,0.507360,0.530000,0.540000,buy,0.540000,0.549720,0.018000,0.460000,0.470000,-0.005517,,,0,-0.007757,,,0,0.003487,,,0,0.001853,,,0,-0.013100,,,0
2026-05-23T22:30:19.335Z,1779575418000,1779575418428,1779575419335,1779575419335,880665,881,76449.75,76450.14,76473.61,0.524958,0.552354,0.544219,0.541978,0.553227,0.551591,0.500729,0.530000,0.540000,buy,0.540000,0.549720,0.018000,0.460000,0.470000,-0.005501,,,0,-0.007742,,,0,0.003507,,,0,0.001871,,,0,-0.019731,,,0
2026-05-23T22:30:20.866Z,1779575419000,1779575420417,1779575420866,1779575420866,879134,879,76449.75,76444.67,76473.61,0.524958,0.552354,0.544258,0.542016,0.553274,0.551637,0.485278,0.530000,0.540000,buy,0.540000,0.549720,0.018000,0.460000,0.470000,-0.005462,,,0,-0.007704,,,0,0.003554,,,0,0.001917,,,0,-0.035182,,,0
2026-05-23T22:30:21.508Z,1779575420000,1779575421356,1779575421508,1779575421508,878492,878,76449.75,76444.66,76473.61,0.524958,0.552354,0.544275,0.542031,0.553293,0.551656,0.485256,0.520000,0.540000,buy,0.540000,0.549720,0.018000,0.460000,0.480000,-0.005445,,,0,-0.007689,,,0,0.003573,,,0,0.001936,,,0,-0.025384,,,0
2026-05-23T22:30:21.582Z,1779575420000,1779575421356,1779575421582,1779575421582,878418,878,76449.75,76444.66,76473.61,0.524958,0.552354,0.544277,0.542033,0.553295,0.551658,0.485256,0.520000,0.530000,buy,0.530000,0.539540,0.018000,0.470000,0.480000,0.004737,,,0,0.002493,,,0,0.013755,,,0,0.012118,,,0,-0.025384,,,0
2026-05-23T22:30:21.962Z,1779575420000,1779575421356,1779575421962,1779575421962,878038,878,76449.75,76444.66,76473.61,0.524958,0.552354,0.544287,0.542042,0.553307,0.551669,0.485253,0.510000,0.530000,buy,0.530000,0.539540,0.018000,0.470000,0.490000,0.004747,,,0,0.002502,,,0,0.013767,,,0,0.012129,,,0,-0.015567,,,0
2026-05-23T22:30:23.473Z,1779575422000,1779575423397,1779575423473,1779575423473,876527,877,76449.75,76444.04,76471.80,0.524958,0.552354,0.540952,0.538872,0.549315,0.547797,0.483469,0.470000,0.480000,buy,0.480000,0.488640,0.018000,0.520000,0.530000,0.052312,,,0,0.050232,,,0,0.060675,,,0,0.059157,,,0,-0.005171,,,0
2026-05-23T22:30:23.980Z,1779575422000,1779575423397,1779575423980,1779575423980,876020,876,76449.75,76444.04,76471.80,0.524958,0.552354,0.540964,0.538883,0.549330,0.547811,0.483464,0.480000,0.490000,buy,0.490000,0.498820,0.018000,0.510000,0.520000,0.042144,,,0,0.040063,,,0,0.050510,,,0,0.048991,,,0,0.012104,,,0
2026-05-23T22:30:24.291Z,1779575423000,1779575423397,1779575424291,1779575424291,875709,876,76449.75,76444.13,76471.80,0.524958,0.552354,0.540972,0.538890,0.549338,0.547819,0.483736,0.480000,0.490000,buy,0.490000,0.498820,0.018000,0.510000,0.520000,0.042152,,,0,0.040070,,,0,0.050518,,,0,0.048999,,,0,0.012376,,,0
2026-05-23T22:30:25.572Z,1779575424000,1779575425390,1779575425572,1779575425572,874428,874,76449.75,76444.64,76471.80,0.524958,0.552354,0.541002,0.538919,0.549375,0.547855,0.485145,0.480000,0.490000,buy,0.490000,0.498820,0.018000,0.510000,0.520000,0.042182,,,0,0.040099,,,0,0.050555,,,0,0.049035,,,0,-0.013675,,,0
2026-05-23T22:30:26.280Z,1779575425000,1779575425390,1779575426280,1779575426280,873720,874,76449.75,76444.64,76471.80,0.524958,0.552354,0.541019,0.538936,0.549395,0.547874,0.485135,0.480000,0.490000,buy,0.490000,0.498820,0.018000,0.510000,0.520000,0.042199,0.016635,0.025564,0,0.040116,0.014457,0.025659,0,0.050575,0.025390,0.025185,0,0.049054,0.023801,0.025254,0,-0.013685,-0.012871,-0.000814,0
2026-05-23T22:30:28.977Z,1779575427000,1779575428414,1779575428977,1779575428977,871023,871,76449.75,76443.49,76471.80,0.524958,0.552354,0.541084,0.538997,0.549473,0.547950,0.481867,0.500000,0.510000,buy,0.510000,0.519180,0.018000,0.490000,0.500000,0.021904,0.021407,0.000498,0,0.019817,0.019244,0.000573,0,0.030293,0.030099,0.000194,0,0.028770,0.028521,0.000249,0,-0.009133,-0.012930,0.003797,0
2026-05-23T22:30:29.548Z,1779575428000,1779575429408,1779575429548,1779575429548,870452,870,76449.75,76443.09,76471.80,0.524958,0.552354,0.541098,0.539011,0.549489,0.547966,0.480722,0.500000,0.510000,buy,0.510000,0.519180,0.018000,0.490000,0.500000,0.021918,0.024147,-0.002229,0,0.019831,0.022000,-0.002169,0,0.030309,0.032778,-0.002468,0,0.028786,0.031211,-0.002425,0,-0.010278,-0.011870,0.001592,0
2026-05-23T22:30:29.950Z,1779575428000,1779575429408,1779575429950,1779575429950,870050,870,76449.75,76443.09,76471.80,0.524958,0.552354,0.541108,0.539020,0.549501,0.547977,0.480718,0.480000,0.500000,buy,0.500000,0.509000,0.018000,0.500000,0.520000,0.032108,0.026885,0.005223,0,0.030020,0.024753,0.005266,0,0.040501,0.035453,0.005048,0,0.038977,0.033897,0.005079,0,0.009358,-0.009380,0.018737,0
2026-05-23T22:30:30.329Z,1779575429000,1779575429408,1779575430329,1779575430329,869671,870,76449.75,76443.09,76471.80,0.524958,0.552354,0.541117,0.539029,0.549512,0.547987,0.480714,0.480000,0.500000,buy,0.500000,0.509000,0.018000,0.500000,0.520000,0.032117,0.030640,0.001477,0,0.030029,0.028524,0.001504,0,0.040512,0.039146,0.001366,0,0.038987,0.037602,0.001386,0,0.009354,-0.005906,0.015259,0
2026-05-23T22:30:30.467Z,1779575429000,1779575430358,1779575430467,1779575430467,869533,870,76449.75,76443.09,76471.80,0.524958,0.552354,0.541120,0.539032,0.549516,0.547991,0.480712,0.480000,0.490000,buy,0.490000,0.498820,0.018000,0.510000,0.520000,0.042300,0.033378,0.008922,0,0.040212,0.031278,0.008934,0,0.050696,0.041821,0.008874,0,0.049171,0.040288,0.008883,0,0.009352,-0.002432,0.011784,0
2026-05-23T22:30:31.895Z,1779575430000,1779575430358,1779575431895,1779575431895,868105,868,76449.75,76442.30,76471.80,0.524958,0.552354,0.541155,0.539065,0.549557,0.548031,0.478456,0.480000,0.490000,buy,0.490000,0.498820,0.018000,0.510000,0.520000,0.042335,0.037134,0.005201,0,0.040245,0.035049,0.005196,0,0.050737,0.045514,0.005223,0,0.049211,0.043993,0.005219,0,0.007096,0.000060,0.007036,0
2026-05-23T22:30:32.615Z,1779575431000,1779575432419,1779575432615,1779575432615,867385,867,76449.75,76442.72,76471.80,0.524958,0.552354,0.541172,0.539081,0.549578,0.548052,0.479635,0.480000,0.490000,buy,0.490000,0.498820,0.018000,0.510000,0.520000,0.042352,0.036136,0.006216,0,0.040261,0.034050,0.006211,0,0.050758,0.044521,0.006237,0,0.049232,0.042998,0.006233,0,0.008275,0.001287,0.006988,0
2026-05-23T22:30:33.740Z,1779575432000,1779575432419,1779575433740,1779575433740,866260,866,76449.75,76442.92,76471.80,0.524958,0.552354,0.541200,0.539107,0.549610,0.548083,0.480208,0.480000,0.490000,buy,0.490000,0.498820,0.018000,0.510000,0.520000,0.042380,0.036157,0.006223,0,0.040287,0.034070,0.006217,0,0.050790,0.044545,0.006245,0,0.049263,0.043022,0.006241,0,0.008848,0.000904,0.007944,0
2026-05-23T22:30:34.100Z,1779575433000,1779575433358,1779575434100,1779575434100,865900,866,76449.75,76442.92,76471.80,0.524958,0.552354,0.541208,0.539116,0.549621,0.548093,0.480197,0.480000,0.490000,buy,0.490000,0.498820,0.018000,0.510000,0.520000,0.042388,0.036180,0.006209,0,0.040296,0.034092,0.006204,0,0.050801,0.044573,0.006228,0,0.049273,0.043049,0.006225,0,0.008837,0.000551,0.008286,0
2026-05-23T22:30:35.400Z,1779575434000,1779575434283,1779575435400,1779575435400,864600,865,76449.75,76442.83,76471.80,0.524958,0.552354,0.541240,0.539146,0.549659,0.548130,0.479926,0.480000,0.490000,buy,0.490000,0.498820,0.018000,0.510000,0.520000,0.042420,0.036200,0.006220,0,0.040326,0.034111,0.006215,0,0.050839,0.044597,0.006241,0,0.049310,0.043072,0.006238,0,0.008566,0.002802,0.005763,0
2026-05-23T22:30:35.583Z,1779575434000,1779575435210,1779575435583,1779575435583,864417,864,76449.75,76442.83,76471.80,0.524958,0.552354,0.541245,0.539150,0.549664,0.548135,0.479924,0.480000,0.510000,buy,0.510000,0.519180,0.018000,0.490000,0.520000,0.022065,0.036222,-0.014158,0,0.019970,0.034132,-0.014162,0,0.030484,0.044623,-0.014140,0,0.028955,0.043098,-0.014143,0,0.008564,0.005027,0.003536,0
2026-05-23T22:30:36.097Z,1779575435000,1779575435210,1779575436097,1779575436097,863903,864,76449.75,76442.99,76471.80,0.524958,0.552354,0.541257,0.539162,0.549679,0.548150,0.480372,0.480000,0.510000,buy,0.510000,0.519180,0.018000,0.490000,0.520000,0.022077,0.036238,-0.014161,0,0.019982,0.034148,-0.014166,0,0.030499,0.044643,-0.014144,0,0.028970,0.043117,-0.014147,0,0.009012,0.006797,0.002215,0
2026-05-23T22:30:36.231Z,1779575435000,1779575435210,1779575436231,1779575436231,863769,864,76449.75,76442.99,76471.80,0.524958,0.552354,0.541260,0.539165,0.549683,0.548154,0.480370,0.500000,0.510000,buy,0.510000,0.519180,0.018000,0.490000,0.500000,0.022080,0.036254,-0.014174,0,0.019985,0.034163,-0.014178,0,0.030503,0.044662,-0.014159,0,0.028974,0.043135,-0.014161,0,-0.010630,0.008726,-0.019356,0
2026-05-23T22:30:37.352Z,1779575436000,1779575436425,1779575437352,1779575437352,862648,863,76449.75,76443.68,76471.80,0.524958,0.552354,0.541288,0.539191,0.549715,0.548185,0.482308,0.500000,0.510000,buy,0.510000,0.519180,0.018000,0.490000,0.500000,0.022108,0.035251,-0.013144,0,0.020011,0.033159,-0.013148,0,0.030535,0.043662,-0.013126,0,0.029005,0.042135,-0.013129,0,-0.008692,0.006727,-0.015419,0
2026-05-23T22:30:38.651Z,1779575437000,1779575438325,1779575438651,1779575438651,861349,861,76449.75,76444.05,76471.80,0.524958,0.552354,0.541320,0.539222,0.549753,0.548222,0.483355,0.500000,0.510000,buy,0.510000,0.519180,0.018000,0.490000,0.500000,0.022140,0.034250,-0.012111,0,0.020042,0.032157,-0.012116,0,0.030573,0.042664,-0.012091,0,0.029042,0.041136,-0.012094,0,-0.007645,0.004923,-0.012568,0
2026-05-23T22:30:39.254Z,1779575438000,1779575438325,1779575439254,1779575439254,860746,861,76449.75,76444.05,76471.80,0.524958,0.552354,0.541334,0.539236,0.549771,0.548239,0.483354,0.500000,0.510000,buy,0.510000,0.519180,0.018000,0.490000,0.500000,0.022154,0.032234,-0.010080,0,0.020056,0.030140,-0.010085,0,0.030591,0.040652,-0.010061,0,0.029059,0.039124,-0.010064,0,-0.007646,0.003223,-0.010869,0
2026-05-23T22:30:39.967Z,1779575438000,1779575439407,1779575439967,1779575439967,860033,860,76449.75,76444.05,76471.80,0.524958,0.552354,0.541352,0.539252,0.549792,0.548260,0.483347,0.500000,0.520000,buy,0.520000,0.529360,0.018000,0.480000,0.500000,0.011992,0.030216,-0.018224,0,0.009892,0.028122,-0.018229,0,0.020432,0.038637,-0.018205,0,0.018900,0.037108,-0.018209,0,-0.007653,0.001749,-0.009401,0
2026-05-23T22:30:40.594Z,1779575439000,1779575440427,1779575440594,1779575440594,859406,859,76449.75,76444.05,76471.80,0.524958,0.552354,0.541367,0.539267,0.549810,0.548277,0.483340,0.510000,0.520000,buy,0.520000,0.529360,0.018000,0.480000,0.490000,0.012007,0.027180,-0.015173,0,0.009907,0.025085,-0.015178,0,0.020450,0.035605,-0.015154,0,0.018917,0.034075,-0.015158,0,-0.017480,0.000156,-0.017636,0
2026-05-23T22:30:41.224Z,1779575440000,1779575440427,1779575441224,1779575441224,858776,859,76449.75,76444.05,76471.80,0.524958,0.552354,0.541383,0.539282,0.549829,0.548295,0.483348,0.510000,0.520000,buy,0.520000,0.529360,0.018000,0.480000,0.490000,0.012023,0.024143,-0.012120,0,0.009922,0.022047,-0.012125,0,0.020469,0.032571,-0.012102,0,0.018935,0.031041,-0.012105,0,-0.017472,-0.002477,-0.014995,0
2026-05-23T22:30:42.327Z,1779575441000,1779575441270,1779575442327,1779575442327,857673,858,76449.75,76444.05,76471.80,0.524958,0.552354,0.541410,0.539308,0.549861,0.548327,0.483344,0.510000,0.520000,buy,0.520000,0.529360,0.018000,0.480000,0.490000,0.012050,0.021107,-0.009057,0,0.009948,0.019009,-0.009062,0,0.020501,0.029538,-0.009036,0,0.018967,0.028007,-0.009040,0,-0.017476,-0.005108,-0.012368,0
2026-05-23T22:30:43.597Z,1779575442000,1779575443430,1779575443597,1779575443597,856403,856,76449.75,76444.04,76471.80,0.524958,0.552354,0.541441,0.539338,0.549899,0.548363,0.483283,0.510000,0.520000,buy,0.520000,0.529360,0.018000,0.480000,0.490000,0.012081,0.018070,-0.005988,0,0.009978,0.015971,-0.005994,0,0.020539,0.026504,-0.005965,0,0.019003,0.024972,-0.005969,0,-0.017537,-0.007712,-0.009825,0
2026-05-23T22:30:44.698Z,1779575443000,1779575444383,1779575444698,1779575444698,855302,855,76449.75,76444.04,76471.80,0.524958,0.552354,0.541469,0.539364,0.549931,0.548395,0.483278,0.510000,0.520000,buy,0.520000,0.529360,0.018000,0.480000,0.490000,0.012109,0.017071,-0.004963,0,0.010004,0.014972,-0.004969,0,0.020571,0.025509,-0.004938,0,0.019035,0.023977,-0.004942,0,-0.017542,-0.010322,-0.007220,0
2026-05-23T22:30:45.354Z,1779575444000,1779575444383,1779575445354,1779575445354,854646,855,76449.75,76444.04,76471.80,0.524958,0.552354,0.541485,0.539379,0.549951,0.548414,0.483281,0.510000,0.520000,buy,0.520000,0.529360,0.018000,0.480000,0.490000,0.012125,0.016074,-0.003949,0,0.010019,0.013974,-0.003955,0,0.020591,0.024517,-0.003926,0,0.019054,0.022984,-0.003930,0,-0.017539,-0.012977,-0.004562,0
2026-05-23T22:30:46.562Z,1779575445000,1779575446381,1779575446562,1779575446562,853438,853,76449.75,76443.30,76447.70,0.524958,0.552354,0.495526,0.495692,0.494830,0.494959,0.481130,0.500000,0.520000,sell,0.500000,0.491000,0.018000,0.480000,0.500000,0.004526,0.015079,-0.010553,0,0.004692,0.012978,-0.008286,0,0.003830,0.023525,-0.019696,0,0.003959,0.021992,-0.018033,0,-0.009870,-0.013668,0.003798,0
2026-05-23T22:30:47.258Z,1779575446000,1779575446381,1779575447258,1779575447258,852742,853,76449.75,76431.42,76447.70,0.524958,0.552354,0.495524,0.495691,0.494828,0.494957,0.447185,0.500000,0.520000,sell,0.500000,0.491000,0.018000,0.480000,0.500000,0.004524,0.013321,-0.008796,0,0.004691,0.011446,-0.006755,0,0.003828,0.020855,-0.017027,0,0.003957,0.019487,-0.015530,0,-0.043815,-0.013786,-0.030029,0
2026-05-23T22:30:48.577Z,1779575447000,1779575448384,1779575448577,1779575448577,851423,851,76449.75,76423.17,76443.68,0.524958,0.552354,0.487851,0.488398,0.485619,0.486028,0.423779,0.500000,0.520000,sell,0.500000,0.491000,0.018000,0.480000,0.500000,-0.003149,0.011559,-0.014708,0,-0.002602,0.009911,-0.012512,0,-0.005381,0.018180,-0.023561,0,-0.004972,0.016979,-0.021951,0,-0.067221,-0.017403,-0.049818,0
2026-05-23T22:30:49.208Z,1779575448000,1779575448384,1779575449208,1779575449208,850792,851,76449.75,76421.87,76443.68,0.524958,0.552354,0.487847,0.488395,0.485614,0.486023,0.420073,0.500000,0.520000,sell,0.500000,0.491000,0.018000,0.480000,0.500000,-0.003153,0.009029,-0.012182,0,-0.002605,0.007645,-0.010250,0,-0.005386,0.014583,-0.019969,0,-0.004977,0.013575,-0.018552,0,-0.070927,-0.023360,-0.047566,0
2026-05-23T22:30:49.704Z,1779575448000,1779575449425,1779575449704,1779575449704,850296,850,76449.75,76421.87,76440.33,0.524958,0.552354,0.481416,0.482282,0.477898,0.478540,0.420050,0.500000,0.510000,sell,0.500000,0.491000,0.018000,0.490000,0.500000,-0.009584,0.007514,-0.017098,0,-0.008718,0.006395,-0.015113,0,-0.013102,0.012001,-0.025104,0,-0.012460,0.011188,-0.023648,0,-0.070950,-0.029688,-0.041262,0
2026-05-23T22:30:50.813Z,1779575449000,1779575450429,1779575450813,1779575450813,849187,849,76449.75,76419.12,76440.33,0.524958,0.552354,0.481405,0.482271,0.477884,0.478527,0.412283,0.480000,0.500000,sell,0.480000,0.471360,0.018000,0.500000,0.520000,0.010045,0.005355,0.004689,0,0.010911,0.004533,0.006378,0,0.006524,0.008646,-0.002122,0,0.007167,0.008050,-0.000883,0,-0.059077,-0.035035,-0.024042,0
2026-05-23T22:30:51.321Z,1779575450000,1779575450429,1779575451321,1779575451321,848679,849,76449.75,76418.77,76440.33,0.524958,0.552354,0.481399,0.482266,0.477877,0.478521,0.411262,0.450000,0.500000,sell,0.450000,0.441900,0.018000,0.500000,0.550000,-0.027601,0.005157,-0.032758,0,-0.026734,0.004632,-0.031366,0,-0.031123,0.007251,-0.038374,0,-0.030479,0.006873,-0.037353,0,-0.030638,-0.039195,0.008557,0
2026-05-23T22:30:51.408Z,1779575450000,1779575450429,1779575451408,1779575451408,848592,849,76449.75,76418.77,76440.33,0.524958,0.552354,0.481398,0.482265,0.477876,0.478520,0.411257,0.450000,0.490000,sell,0.450000,0.441900,0.018000,0.510000,0.550000,-0.017422,0.001192,-0.018614,0,-0.016555,0.000963,-0.017518,0,-0.020944,0.002089,-0.023033,0,-0.020300,0.001929,-0.022229,0,-0.030643,-0.040512,0.009869,0
2026-05-23T22:30:52.571Z,1779575451000,1779575452409,1779575452571,1779575452571,847429,847,76449.75,76417.33,76425.01,0.524958,0.552354,0.452111,0.454421,0.442780,0.444478,0.407172,0.450000,0.460000,sell,0.450000,0.441900,0.018000,0.540000,0.550000,0.010211,-0.001758,0.011969,0,0.012521,-0.001690,0.014210,0,0.000880,-0.002059,0.002939,0,0.002578,-0.002002,0.004580,0,-0.034728,-0.041822,0.007094,0
2026-05-23T22:30:53.102Z,1779575452000,1779575452409,1779575453102,1779575453102,846898,847,76449.75,76415.97,76425.01,0.524958,0.552354,0.452096,0.454407,0.442762,0.444461,0.403335,0.450000,0.460000,sell,0.450000,0.441900,0.018000,0.540000,0.550000,0.010196,-0.001948,0.012144,0,0.012507,-0.001438,0.013945,0,0.000862,-0.004028,0.004891,0,0.002561,-0.003647,0.006209,0,-0.038565,-0.043541,0.004976,0
2026-05-23T22:30:53.533Z,1779575452000,1779575453425,1779575453533,1779575453533,846467,846,76449.75,76415.97,76422.18,0.524958,0.552354,0.446715,0.449289,0.436327,0.438217,0.403311,0.440000,0.450000,sell,0.440000,0.432080,0.018000,0.550000,0.560000,-0.011385,-0.002141,-0.009244,0,-0.008811,-0.001189,-0.007622,0,0.004247,-0.006001,0.010248,0,0.006137,-0.005297,0.011433,0,-0.028769,-0.045643,0.016875,0
2026-05-23T22:30:53.961Z,1779575452000,1779575453425,1779575453961,1779575453961,846039,846,76449.75,76415.97,76422.18,0.524958,0.552354,0.446702,0.449276,0.436311,0.438202,0.403287,0.430000,0.450000,sell,0.430000,0.422260,0.018000,0.550000,0.570000,-0.011398,-0.003732,-0.007666,0,-0.008824,-0.002540,-0.006284,0,0.014051,-0.005959,0.020010,0,0.015942,-0.005079,0.021020,0,-0.018973,-0.047533,0.028561,0
2026-05-23T22:30:54.448Z,1779575453000,1779575454426,1779575454448,1779575454448,845552,846,76449.75,76404.24,76422.18,0.524958,0.552354,0.446687,0.449262,0.436293,0.438184,0.370828,0.430000,0.450000,sell,0.430000,0.422260,0.018000,0.550000,0.570000,-0.011413,-0.005324,-0.006089,0,-0.008838,-0.003891,-0.004947,0,0.014033,-0.004937,0.018970,0,0.015924,-0.003880,0.019804,0,-0.051432,-0.045049,-0.006383,0
2026-05-23T22:30:54.489Z,1779575453000,1779575454426,1779575454489,1779575454489,845511,846,76449.75,76404.24,76422.18,0.524958,0.552354,0.446686,0.449261,0.436291,0.438183,0.370825,0.440000,0.450000,sell,0.440000,0.432080,0.018000,0.550000,0.560000,-0.011414,-0.006150,-0.005264,0,-0.008839,-0.004515,-0.004324,0,0.004211,-0.002996,0.007207,0,0.006103,-0.001791,0.007893,0,-0.061255,-0.043470,-0.017785,0
2026-05-23T22:30:55.676Z,1779575454000,1779575455307,1779575455676,1779575455676,844324,844,76449.75,76397.95,76422.18,0.524958,0.552354,0.446650,0.449226,0.436248,0.438140,0.353683,0.430000,0.450000,sell,0.430000,0.422260,0.018000,0.550000,0.570000,-0.011450,-0.006976,-0.004474,0,-0.008874,-0.005138,-0.003736,0,0.013988,-0.002036,0.016024,0,0.015880,-0.000683,0.016563,0,-0.068577,-0.042503,-0.026074,0
2026-05-23T22:30:55.704Z,1779575454000,1779575455307,1779575455704,1779575455704,844296,844,76449.75,76397.95,76422.18,0.524958,0.552354,0.446649,0.449226,0.436247,0.438139,0.353681,0.430000,0.440000,sell,0.430000,0.422260,0.018000,0.560000,0.570000,-0.001271,-0.007163,0.005892,0,0.001306,-0.005154,0.006459,0,-0.011673,0.000673,-0.012346,0,-0.009781,0.002151,-0.011932,0,-0.068579,-0.042266,-0.026313,0
2026-05-23T22:30:56.225Z,1779575455000,1779575455307,1779575456225,1779575456225,843775,844,76449.75,76398.18,76422.18,0.524958,0.552354,0.446633,0.449210,0.436227,0.438121,0.354269,0.420000,0.440000,sell,0.420000,0.412440,0.018000,0.560000,0.580000,-0.001287,-0.008295,0.007007,0,0.001290,-0.006114,0.007404,0,-0.011693,-0.001147,-0.010546,0,-0.009799,0.000456,-0.010256,0,-0.058171,-0.043216,-0.014955,0
2026-05-23T22:30:57.778Z,1779575456000,1779575457360,1779575457778,1779575457778,842222,842,76449.75,76398.00,76422.18,0.524958,0.552354,0.446585,0.449165,0.436170,0.438065,0.353633,0.440000,0.450000,sell,0.440000,0.432080,0.018000,0.550000,0.560000,-0.011515,-0.005663,-0.005852,0,-0.008935,-0.003312,-0.005624,0,0.004090,0.000796,0.003294,0,0.005985,0.002524,0.003460,0,-0.078447,-0.045969,-0.032478,0
2026-05-23T22:30:58.465Z,1779575457000,1779575457360,1779575458465,1779575458465,841535,842,76449.75,76397.92,76422.18,0.524958,0.552354,0.446564,0.449145,0.436144,0.438040,0.353359,0.440000,0.450000,sell,0.440000,0.432080,0.018000,0.550000,0.560000,-0.011536,-0.005073,-0.006464,0,-0.008955,-0.002550,-0.006406,0,0.004064,0.003299,0.000765,0,0.005960,0.005153,0.000807,0,-0.078721,-0.050749,-0.027972,0
2026-05-23T22:30:59.751Z,1779575458000,1779575459410,1779575459751,1779575459751,840249,840,76449.75,76397.79,76425.88,0.524958,0.552354,0.453576,0.455815,0.444533,0.446179,0.352920,0.440000,0.450000,sell,0.440000,0.432080,0.018000,0.550000,0.560000,-0.004524,-0.007247,0.002724,0,-0.002285,-0.004697,0.002412,0,0.012453,0.003618,0.008835,0,-0.011921,0.005491,-0.017412,0,-0.079160,-0.055149,-0.024011,0
2026-05-23T22:31:00.586Z,1779575459000,1779575460420,1779575460586,1779575460586,839414,839,76449.75,76397.79,76425.88,0.524958,0.552354,0.453554,0.455793,0.444506,0.446153,0.352841,0.440000,0.450000,sell,0.440000,0.432080,0.018000,0.550000,0.560000,-0.004546,-0.008719,0.004173,0,-0.002307,-0.006177,0.003870,0,0.012426,0.004777,0.007649,0,-0.011947,0.004043,-0.015990,0,-0.079239,-0.059208,-0.020031,0
2026-05-23T22:31:00.978Z,1779575459000,1779575460420,1779575460978,1779575460978,839022,839,76449.75,76397.79,76425.88,0.524958,0.552354,0.453543,0.455783,0.444493,0.446141,0.352808,0.410000,0.450000,sell,0.410000,0.402620,0.018000,0.550000,0.590000,-0.004557,-0.008035,0.003479,0,-0.002317,-0.005526,0.003209,0,-0.013607,0.005595,-0.019202,0,-0.011959,0.002235,-0.014194,0,-0.049812,-0.064255,0.014444,0
2026-05-23T22:31:01.595Z,1779575460000,1779575461431,1779575461595,1779575461595,838405,838,76449.75,76400.86,76399.23,0.524958,0.552354,0.402994,0.407663,0.384269,0.387661,0.361061,0.400000,0.410000,sell,0.400000,0.392800,0.018000,0.590000,0.600000,0.010194,-0.007351,0.017545,0,-0.009717,-0.004875,-0.004842,0,-0.008531,0.002829,-0.011360,0,-0.005139,-0.000556,-0.004584,0,-0.031739,-0.067339,0.035600,0
2026-05-23T22:31:02.487Z,1779575461000,1779575462419,1779575462487,1779575462487,837513,838,76449.75,76401.27,76399.23,0.524958,0.552354,0.402944,0.407615,0.384210,0.387603,0.362109,0.400000,0.410000,sell,0.400000,0.392800,0.018000,0.590000,0.600000,0.010144,-0.005191,0.015334,0,-0.009765,-0.004963,-0.004802,0,-0.008590,0.000573,-0.009163,0,-0.005197,-0.002662,-0.002535,0,-0.030691,-0.065370,0.034679,0
2026-05-23T22:31:03.216Z,1779575462000,1779575462419,1779575463216,1779575463216,836784,837,76449.75,76399.70,76399.23,0.524958,0.552354,0.402903,0.407576,0.384161,0.387556,0.357794,0.400000,0.410000,sell,0.400000,0.392800,0.018000,0.590000,0.600000,0.010103,-0.003035,0.013138,0,-0.009804,-0.005056,-0.004748,0,-0.008639,-0.000707,-0.007932,0,-0.005244,-0.003792,-0.001452,0,-0.035006,-0.062313,0.027307,0
2026-05-23T22:31:04.461Z,1779575463000,1779575464410,1779575464461,1779575464461,835539,836,76449.75,76382.37,76381.86,0.524958,0.552354,0.370635,0.376786,0.346131,0.350549,0.311832,0.400000,0.410000,sell,0.400000,0.392800,0.018000,0.590000,0.600000,-0.022165,-0.000880,-0.021285,0,-0.016014,-0.005149,-0.010865,0,-0.046669,-0.002970,-0.043699,0,-0.042251,-0.005904,-0.036347,0,-0.080968,-0.058956,-0.022012,0
2026-05-23T22:31:05.610Z,1779575464000,1779575465410,1779575465610,1779575465610,834390,834,76449.75,76380.05,76381.86,0.524958,0.552354,0.370550,0.376705,0.346031,0.350452,0.305788,0.400000,0.420000,sell,0.400000,0.392800,0.018000,0.580000,0.600000,-0.022250,-0.002969,-0.019281,0,-0.016095,-0.006881,-0.009215,0,-0.046769,-0.006470,-0.040300,0,-0.042348,-0.009151,-0.033197,0,-0.087012,-0.060195,-0.026817,0
2026-05-23T22:31:06.323Z,1779575465000,1779575465410,1779575466323,1779575466323,833677,834,76449.75,76375.55,76381.86,0.524958,0.552354,0.370497,0.376654,0.345969,0.350391,0.294304,0.410000,0.420000,sell,0.410000,0.402620,0.018000,0.580000,0.590000,-0.032123,-0.005065,-0.027058,0,-0.025966,-0.008620,-0.017346,0,-0.056651,-0.009977,-0.046674,0,-0.052229,-0.012406,-0.039823,0,-0.108316,-0.063080,-0.045237,-1
2026-05-23T22:31:07.036Z,1779575466000,1779575466383,1779575467036,1779575467036,832964,833,76449.75,76368.39,76376.71,0.524958,0.552354,0.361062,0.367636,0.334932,0.339636,0.276513,0.410000,0.420000,sell,0.410000,0.402620,0.018000,0.580000,0.590000,-0.041558,-0.007126,-0.034432,0,-0.034984,-0.010323,-0.024661,0,-0.067688,-0.016051,-0.051636,-1,-0.062984,-0.018227,-0.044757,-1,-0.126107,-0.066066,-0.060040,-1
2026-05-23T22:31:08.426Z,1779575467000,1779575467429,1779575468426,1779575468426,831574,832,76449.75,76362.69,76395.15,0.524958,0.552354,0.394980,0.400022,0.374786,0.378440,0.262625,0.410000,0.420000,sell,0.410000,0.402620,0.018000,0.580000,0.590000,-0.007640,-0.010128,0.002488,0,-0.002598,-0.012925,0.010328,0,-0.027834,-0.023227,-0.004608,0,-0.024180,-0.025122,0.000942,0,-0.139995,-0.070805,-0.069190,-1
2026-05-23T22:31:09.374Z,1779575468000,1779575468409,1779575469374,1779575469374,830626,831,76449.75,76371.96,76399.13,0.524958,0.552354,0.402367,0.407065,0.383525,0.386938,0.285011,0.400000,0.420000,sell,0.400000,0.392800,0.018000,0.580000,0.600000,0.009567,-0.010440,0.020006,0,0.014265,-0.012957,0.027222,0,-0.009275,-0.027255,0.017981,0,-0.005862,-0.026348,0.020486,0,-0.107789,-0.076889,-0.030900,0
2026-05-23T22:31:09.997Z,1779575468000,1779575468409,1779575469997,1779575469997,830003,830,76449.75,76371.96,76399.13,0.524958,0.552354,0.402331,0.407031,0.383483,0.386897,0.284939,0.400000,0.410000,sell,0.400000,0.392800,0.018000,0.590000,0.600000,0.009531,-0.009029,0.018560,0,-0.010349,-0.011300,0.000951,0,-0.009317,-0.029425,0.020109,0,-0.005903,-0.025739,0.019836,0,-0.107861,-0.079743,-0.028117,0
2026-05-23T22:31:10.581Z,1779575469000,1779575468409,1779575470581,1779575470581,829419,829,76449.75,76374.66,76399.13,0.524958,0.552354,0.402298,0.407000,0.383444,0.386859,0.291610,0.400000,0.410000,sell,0.400000,0.392800,0.018000,0.590000,0.600000,0.009498,-0.007620,0.017118,0,-0.010380,-0.012103,0.001722,0,-0.009356,-0.028996,0.019640,0,-0.005941,-0.025134,0.019192,0,-0.101190,-0.085548,-0.015642,0
2026-05-23T22:31:11.175Z,1779575470000,1779575468409,1779575471175,1779575471175,828825,829,76449.75,76375.09,76399.13,0.524958,0.552354,0.402264,0.406967,0.383403,0.386820,0.292622,0.400000,0.410000,sell,0.400000,0.392800,0.018000,0.590000,0.600000,0.009464,-0.007689,0.017153,0,-0.010413,-0.012169,0.001756,0,-0.009397,-0.029079,0.019682,0,-0.005980,-0.025214,0.019233,0,-0.100178,-0.092494,-0.007684,0
2026-05-23T22:31:12.493Z,1779575471000,1779575472258,1779575472493,1779575472493,827507,828,76449.75,76377.85,76399.61,0.524958,0.552354,0.403112,0.407775,0.384407,0.387795,0.299436,0.390000,0.410000,sell,0.390000,0.382980,0.018000,0.590000,0.610000,-0.014268,-0.007757,-0.006511,0,-0.009605,-0.012234,0.002629,0,0.001427,-0.029160,0.030587,0,0.004815,-0.025292,0.030108,0,-0.083544,-0.099442,0.015898,0
2026-05-23T22:31:13.473Z,1779575472000,1779575473431,1779575473473,1779575473473,826527,827,76449.75,76379.86,76470.29,0.524958,0.552354,0.539275,0.537278,0.547301,0.545843,0.304448,0.390000,0.410000,buy,0.410000,0.417380,0.018000,0.590000,0.610000,0.121895,-0.010195,0.132089,1,0.119898,-0.012214,0.132112,1,0.129921,-0.028153,0.158074,1,0.128463,-0.024286,0.152750,1,-0.078532,-0.104296,0.025764,0
2026-05-23T22:31:14.309Z,1779575473000,1779575473431,1779575474309,1779575474309,825691,826,76449.75,76381.43,76470.29,0.524958,0.552354,0.539295,0.537298,0.547325,0.545867,0.308403,0.390000,0.410000,buy,0.410000,0.417380,0.018000,0.590000,0.610000,0.121915,0.004211,0.117704,1,0.119918,0.001377,0.118540,1,0.129945,-0.010494,0.140439,1,0.128487,-0.007215,0.135702,1,-0.074577,-0.104052,0.029475,0
2026-05-23T22:31:15.543Z,1779575474000,1779575475374,1779575475543,1779575475543,824457,824,76449.75,76435.81,76469.40,0.524958,0.552354,0.537613,0.535698,0.545310,0.543913,0.459043,0.390000,0.410000,buy,0.410000,0.417380,0.018000,0.590000,0.610000,0.120233,0.018628,0.101605,1,0.118318,0.014979,0.103340,1,0.127930,0.007177,0.120753,1,0.126533,0.009869,0.116664,1,0.041663,-0.102809,0.144472,0
2026-05-23T22:31:15.904Z,1779575474000,1779575475374,1779575475904,1779575475904,824096,824,76449.75,76435.81,76469.40,0.524958,0.552354,0.537622,0.535706,0.545320,0.543922,0.459034,0.380000,0.400000,buy,0.400000,0.407200,0.018000,0.600000,0.620000,0.130422,0.033864,0.096558,1,0.128506,0.029407,0.099099,1,0.138120,0.025636,0.112485,1,0.136722,0.027745,0.108978,1,0.051834,-0.087811,0.139645,0
2026-05-23T22:31:17.705Z,1779575476000,1779575477321,1779575477705,1779575477705,822295,822,76449.75,76437.33,76469.40,0.524958,0.552354,0.537664,0.535747,0.545371,0.543971,0.463411,0.380000,0.400000,buy,0.400000,0.407200,0.018000,0.600000,0.620000,0.130464,0.051061,0.079402,1,0.128547,0.045756,0.082790,1,0.138171,0.046216,0.091954,1,0.136771,0.047715,0.089056,1,0.056211,-0.070017,0.126228,0
2026-05-23T22:31:18.219Z,1779575477000,1779575477321,1779575478219,1779575478219,821781,822,76449.75,76437.12,76469.40,0.524958,0.552354,0.537676,0.535758,0.545385,0.543985,0.462767,0.380000,0.390000,buy,0.390000,0.397020,0.018000,0.610000,0.620000,0.140656,0.064872,0.075784,1,0.138738,0.058871,0.079868,1,0.148365,0.062817,0.085548,1,0.146965,0.063811,0.083155,1,0.065747,-0.050396,0.116143,1
2026-05-23T22:31:20.761Z,1779575479000,1779575480412,1779575480761,1779575480761,819239,819,76449.75,76433.45,76449.99,0.524958,0.552354,0.499941,0.499890,0.500125,0.500094,0.452047,0.370000,0.380000,buy,0.380000,0.386840,0.018000,0.620000,0.630000,0.113101,0.077981,0.035120,0,0.113050,0.071318,0.041732,1,0.113285,0.078581,0.034704,0,0.113254,0.079093,0.034161,0,0.065207,-0.033043,0.098250,1
2026-05-23T22:31:21.484Z,1779575480000,1779575481417,1779575481484,1779575481484,818516,819,76449.75,76432.18,76455.01,0.524958,0.552354,0.509735,0.509198,0.511880,0.511492,0.448325,0.360000,0.380000,buy,0.380000,0.386840,0.018000,0.620000,0.640000,0.122895,0.088338,0.034557,0,0.122358,0.083658,0.038701,0,0.125040,0.090841,0.034199,0,0.124652,0.091009,0.033643,0,0.061485,-0.015736,0.077221,1
2026-05-23T22:31:22.661Z,1779575481000,1779575482418,1779575482661,1779575482661,817339,817,76449.75,76425.55,76455.01,0.524958,0.552354,0.509743,0.509206,0.511889,0.511501,0.429090,0.360000,0.370000,buy,0.370000,0.376660,0.018000,0.630000,0.640000,0.133083,0.099678,0.033405,0,0.132546,0.096932,0.035614,0,0.135229,0.104281,0.030948,0,0.134841,0.104068,0.030772,0,0.052430,0.000532,0.051899,0
2026-05-23T22:31:23.335Z,1779575482000,1779575482418,1779575483335,1779575483335,816665,817,76449.75,76427.06,76455.01,0.524958,0.552354,0.509748,0.509210,0.511894,0.511506,0.433435,0.360000,0.370000,buy,0.370000,0.376660,0.018000,0.630000,0.640000,0.133088,0.112040,0.021048,0,0.132550,0.111227,0.021322,0,0.135234,0.118743,0.016491,0,0.134846,0.118150,0.016695,0,0.056775,0.015792,0.040983,0
2026-05-23T22:31:23.742Z,1779575482000,1779575483408,1779575483742,1779575483742,816258,816,76449.75,76427.06,76455.01,0.524958,0.552354,0.509750,0.509213,0.511898,0.511509,0.433419,0.340000,0.370000,buy,0.370000,0.376660,0.018000,0.630000,0.660000,0.133090,0.126775,0.006315,0,0.132553,0.125443,0.007110,0,0.135238,0.132124,0.003113,0,0.134849,0.131153,0.003695,0,0.056759,0.029824,0.026935,0
2026-05-23T22:31:24.432Z,1779575483000,1779575483408,1779575484432,1779575484432,815568,816,76449.75,76429.02,76455.01,0.524958,0.552354,0.509755,0.509217,0.511903,0.511514,0.439073,0.340000,0.370000,buy,0.370000,0.376660,0.018000,0.630000,0.660000,0.133095,0.127895,0.005200,0,0.132557,0.126708,0.005849,0,0.135243,0.132656,0.002587,0,0.134854,0.131792,0.003062,0,0.062413,0.043353,0.019060,0
2026-05-23T22:31:24.877Z,1779575483000,1779575484428,1779575484877,1779575484877,815123,815,76449.75,76429.02,76455.01,0.524958,0.552354,0.509758,0.509220,0.511906,0.511518,0.439057,0.330000,0.350000,buy,0.350000,0.356300,0.018000,0.650000,0.670000,0.153458,0.129013,0.024445,0,0.152920,0.127972,0.024947,0,0.155606,0.133186,0.022421,0,0.155218,0.132429,0.022789,0,0.082757,0.057053,0.025704,0
2026-05-23T22:31:25.074Z,1779575484000,1779575484428,1779575485074,1779575485074,814926,815,76449.75,76429.36,76455.01,0.524958,0.552354,0.509759,0.509221,0.511908,0.511519,0.440010,0.330000,0.350000,buy,0.350000,0.356300,0.018000,0.650000,0.670000,0.153459,0.132335,0.021124,0,0.152921,0.131432,0.021489,0,0.155608,0.135953,0.019655,0,0.155219,0.135297,0.019922,0,0.083710,0.061162,0.022548,0
2026-05-23T22:31:26.578Z,1779575485000,1779575486430,1779575486578,1779575486578,813422,813,76449.75,76428.80,76446.26,0.524958,0.552354,0.492625,0.492936,0.491343,0.491579,0.438332,0.330000,0.350000,buy,0.350000,0.356300,0.018000,0.650000,0.670000,0.136325,0.134639,0.001686,0,0.136636,0.133874,0.002763,0,0.135043,0.137702,-0.002659,0,0.135279,0.137147,-0.001868,0,0.082032,0.064350,0.017683,0
2026-05-23T22:31:26.611Z,1779575485000,1779575486430,1779575486611,1779575486611,813389,813,76449.75,76428.80,76446.26,0.524958,0.552354,0.492625,0.492936,0.491343,0.491579,0.438331,0.330000,0.340000,buy,0.340000,0.346120,0.018000,0.660000,0.670000,0.146505,0.135225,0.011280,0,0.146816,0.134683,0.012133,0,0.145223,0.137389,0.007834,0,0.145459,0.136998,0.008461,0,0.092211,0.066932,0.025280,0
2026-05-23T22:31:27.672Z,1779575486000,1779575487431,1779575487672,1779575487672,812328,812,76449.75,76424.01,76446.26,0.524958,0.552354,0.492620,0.492932,0.491338,0.491574,0.424413,0.330000,0.350000,buy,0.350000,0.356300,0.018000,0.650000,0.670000,0.136320,0.135810,0.000511,0,0.136632,0.135491,0.001142,0,0.135038,0.137075,-0.002037,0,0.135274,0.136847,-0.001573,0,0.068113,0.069578,-0.001465,0
2026-05-23T22:31:28.255Z,1779575487000,1779575487431,1779575488255,1779575488255,811745,812,76449.75,76423.43,76446.26,0.524958,0.552354,0.492618,0.492930,0.491335,0.491571,0.422723,0.340000,0.350000,buy,0.350000,0.356300,0.018000,0.650000,0.660000,0.136318,0.138132,-0.001814,0,0.136630,0.137849,-0.001219,0,0.135035,0.139250,-0.004215,0,0.135271,0.139049,-0.003778,0,0.066423,0.069869,-0.003445,0
2026-05-23T22:31:29.583Z,1779575488000,1779575489408,1779575489583,1779575489583,810417,810,76449.75,76423.91,76446.26,0.524958,0.552354,0.492613,0.492925,0.491329,0.491565,0.424043,0.340000,0.350000,buy,0.350000,0.356300,0.018000,0.650000,0.660000,0.136313,0.139474,-0.003161,0,0.136625,0.139276,-0.002651,0,0.135029,0.140250,-0.005221,0,0.135265,0.140111,-0.004846,0,0.067743,0.070362,-0.002620,0
2026-05-23T22:31:30.216Z,1779575489000,1779575489408,1779575490216,1779575490216,809784,810,76449.75,76423.91,76446.26,0.524958,0.552354,0.492611,0.492923,0.491326,0.491562,0.424008,0.340000,0.350000,buy,0.350000,0.356300,0.018000,0.650000,0.660000,0.136311,0.139797,-0.003486,0,0.136623,0.139684,-0.003061,0,0.135026,0.140230,-0.005204,0,0.135262,0.140153,-0.004891,0,0.067708,0.071894,-0.004185,0
2026-05-23T22:31:31.368Z,1779575490000,1779575490369,1779575491368,1779575491368,808632,809,76449.75,76423.92,76446.26,0.524958,0.552354,0.492606,0.492919,0.491320,0.491557,0.423993,0.350000,0.380000,buy,0.380000,0.386840,0.018000,0.620000,0.650000,0.105766,0.140119,-0.034353,0,0.106079,0.140091,-0.034013,0,0.104480,0.140209,-0.035729,0,0.104717,0.140195,-0.035478,0,0.037153,0.072987,-0.035834,0
2026-05-23T22:31:32.521Z,1779575491000,1779575492382,1779575492521,1779575492521,807479,807,76449.75,76424.04,76437.39,0.524958,0.552354,0.475190,0.476366,0.470425,0.471294,0.424293,0.380000,0.390000,buy,0.390000,0.397020,0.018000,0.610000,0.620000,0.078170,0.137387,-0.059217,0,0.079346,0.137444,-0.058098,0,0.073405,0.137133,-0.063728,0,0.074274,0.137182,-0.062907,0,0.027273,0.071026,-0.043753,0
2026-05-23T22:31:33.647Z,1779575492000,1779575493428,1779575493647,1779575493647,806353,806,76449.75,76424.01,76432.57,0.524958,0.552354,0.465723,0.467365,0.459075,0.460287,0.424159,0.380000,0.390000,buy,0.390000,0.397020,0.018000,0.610000,0.620000,0.068703,0.131894,-0.063192,0,0.070345,0.132123,-0.061778,0,0.062055,0.130949,-0.068894,0,0.063267,0.131124,-0.067857,0,0.027139,0.067512,-0.040374,0
2026-05-23T22:31:33.899Z,1779575492000,1779575493428,1779575493899,1779575493899,806101,806,76449.75,76424.01,76432.57,0.524958,0.552354,0.465718,0.467360,0.459069,0.460280,0.424147,0.370000,0.390000,buy,0.390000,0.397020,0.018000,0.610000,0.630000,0.068698,0.123419,-0.054721,0,0.070340,0.123865,-0.053525,0,0.062049,0.121594,-0.059546,0,0.063260,0.121929,-0.058668,0,0.027127,0.061951,-0.034823,0
2026-05-23T22:31:34.257Z,1779575493000,1779575493428,1779575494257,1779575494257,805743,806,76449.75,76420.89,76432.57,0.524958,0.552354,0.465710,0.467353,0.459060,0.460272,0.415116,0.360000,0.380000,buy,0.380000,0.386840,0.018000,0.620000,0.640000,0.078870,0.114943,-0.036073,0,0.080513,0.115607,-0.035094,0,0.072220,0.112238,-0.040018,0,0.073432,0.112733,-0.039301,0,0.028276,0.056292,-0.028017,0
2026-05-23T22:31:34.258Z,1779575493000,1779575493428,1779575494258,1779575494258,805742,806,76449.75,76420.89,76432.57,0.524958,0.552354,0.465710,0.467353,0.459060,0.460272,0.415115,0.360000,0.380000,buy,0.380000,0.386840,0.018000,0.620000,0.640000,0.078870,0.109197,-0.030327,0,0.080513,0.109995,-0.029482,0,0.072220,0.105956,-0.033736,0,0.073432,0.106548,-0.033116,0,0.028275,0.050917,-0.022641,0
2026-05-23T22:31:34.291Z,1779575493000,1779575493428,1779575494291,1779575494291,805709,806,76449.75,76420.89,76432.57,0.524958,0.552354,0.465710,0.467353,0.459059,0.460271,0.415114,0.330000,0.370000,buy,0.370000,0.376660,0.018000,0.630000,0.670000,0.089050,0.102434,-0.013384,0,0.090693,0.103365,-0.012672,0,0.082399,0.098656,-0.016257,0,0.083611,0.099345,-0.015734,0,0.038454,0.044523,-0.006069,0
2026-05-23T22:31:34.496Z,1779575493000,1779575494284,1779575494496,1779575494496,805504,806,76449.75,76420.89,76432.57,0.524958,0.552354,0.465705,0.467349,0.459054,0.460266,0.415103,0.320000,0.340000,buy,0.340000,0.346120,0.018000,0.660000,0.680000,0.119585,0.097707,0.021878,0,0.121229,0.098771,0.022458,0,0.112934,0.093392,0.019542,0,0.114146,0.094179,0.019967,0,0.068983,0.041557,0.027426,0
2026-05-23T22:31:34.499Z,1779575493000,1779575494284,1779575494499,1779575494499,805501,806,76449.75,76420.89,76432.57,0.524958,0.552354,0.465705,0.467349,0.459054,0.460266,0.415103,0.320000,0.330000,buy,0.330000,0.335940,0.018000,0.670000,0.680000,0.129765,0.096034,0.033732,0,0.131409,0.097231,0.034178,0,0.123114,0.091182,0.031932,0,0.124326,0.092067,0.032259,0,0.079163,0.041813,0.037350,0
2026-05-23T22:31:34.751Z,1779575493000,1779575494284,1779575494751,1779575494751,805249,805,76449.75,76420.89,76432.57,0.524958,0.552354,0.465700,0.467344,0.459048,0.460260,0.415090,0.300000,0.330000,buy,0.330000,0.335940,0.018000,0.670000,0.700000,0.129760,0.095379,0.034381,0,0.131404,0.096709,0.034695,0,0.123108,0.089990,0.033117,0,0.124320,0.090973,0.033347,0,0.079150,0.042955,0.036195,0
2026-05-23T22:31:35.318Z,1779575494000,1779575494284,1779575495318,1779575495318,804682,805,76449.75,76415.36,76432.57,0.524958,0.552354,0.465688,0.467333,0.459034,0.460246,0.399150,0.300000,0.310000,buy,0.310000,0.315580,0.018000,0.690000,0.700000,0.150108,0.094724,0.055385,1,0.151753,0.096187,0.055566,1,0.143454,0.088798,0.054655,1,0.144666,0.089879,0.054788,1,0.083570,0.044099,0.039470,0
2026-05-23T22:31:36.677Z,1779575495000,1779575496430,1779575496677,1779575496677,803323,803,76449.75,76413.03,76462.64,0.524958,0.552354,0.524828,0.523544,0.529985,0.529049,0.392405,0.300000,0.310000,buy,0.310000,0.315580,0.018000,0.690000,0.700000,0.209248,0.099158,0.110090,1,0.207964,0.100754,0.107210,1,0.214405,0.092696,0.121709,1,0.213469,0.093873,0.119595,1,0.076825,0.048741,0.028084,0
2026-05-23T22:31:37.408Z,1779575496000,1779575496430,1779575497408,1779575497408,802592,803,76449.75,76412.95,76462.64,0.524958,0.552354,0.524840,0.523556,0.529999,0.529062,0.392158,0.290000,0.300000,buy,0.300000,0.305400,0.018000,0.700000,0.710000,0.219440,0.112266,0.107174,1,0.218156,0.113616,0.104539,1,0.224599,0.106796,0.117803,1,0.223662,0.107793,0.115869,1,0.086758,0.053696,0.033061,0
2026-05-23T22:31:39.073Z,1779575498000,1779575498431,1779575499073,1779575499073,800927,801,76449.75,76433.15,76462.64,0.524958,0.552354,0.524867,0.523581,0.530031,0.529093,0.450632,0.290000,0.300000,buy,0.300000,0.305400,0.018000,0.700000,0.710000,0.219467,0.127340,0.092127,1,0.218181,0.128397,0.089784,1,0.224631,0.123050,0.101581,1,0.223693,0.123832,0.099861,1,0.145232,0.059658,0.085574,1
2026-05-23T22:31:40.301Z,1779575499000,1779575499421,1779575500301,1779575500301,799699,800,76449.75,76434.00,76445.80,0.524958,0.552354,0.491683,0.492041,0.490211,0.490481,0.453075,0.290000,0.300000,buy,0.300000,0.305400,0.018000,0.700000,0.710000,0.186283,0.142416,0.043866,1,0.186641,0.143181,0.043460,1,0.184811,0.139308,0.045503,1,0.185081,0.139876,0.045205,1,0.147675,0.071469,0.076207,1
2026-05-23T22:31:41.629Z,1779575500000,1779575501422,1779575501629,1779575501629,798371,798,76449.75,76433.23,76436.24,0.524958,0.552354,0.472808,0.474101,0.467567,0.468523,0.450786,0.290000,0.300000,buy,0.300000,0.305400,0.018000,0.700000,0.710000,0.167408,0.153158,0.014250,0,0.168701,0.153794,0.014907,0,0.162167,0.150567,0.011599,0,0.163123,0.151041,0.012082,0,0.145386,0.083409,0.061978,1
2026-05-23T22:31:42.457Z,1779575501000,1779575502391,1779575502457,1779575502457,797543,798,76449.75,76422.21,76436.24,0.524958,0.552354,0.472794,0.474088,0.467550,0.468507,0.418497,0.290000,0.300000,buy,0.300000,0.305400,0.018000,0.700000,0.710000,0.167394,0.162011,0.005383,0,0.168688,0.162613,0.006075,0,0.162150,0.159562,0.002588,0,0.163107,0.160010,0.003097,0,0.113097,0.095120,0.017978,0
2026-05-23T22:31:43.166Z,1779575502000,1779575502391,1779575503166,1779575503166,796834,797,76449.75,76420.57,76436.24,0.524958,0.552354,0.472782,0.474077,0.467536,0.468493,0.413702,0.290000,0.300000,buy,0.300000,0.305400,0.018000,0.700000,0.710000,0.167382,0.169846,-0.002463,0,0.168677,0.170413,-0.001736,0,0.162136,0.167537,-0.005401,0,0.163093,0.167959,-0.004866,0,0.108302,0.102584,0.005719,0
2026-05-23T22:31:44.317Z,1779575503000,1779575503425,1779575504317,1779575504317,795683,796,76449.75,76417.49,76457.90,0.524958,0.552354,0.515605,0.514778,0.518920,0.518319,0.404732,0.290000,0.300000,buy,0.300000,0.305400,0.018000,0.700000,0.710000,0.210205,0.174626,0.035579,0,0.209378,0.175157,0.034220,0,0.213520,0.172457,0.041063,1,0.212919,0.172854,0.040065,1,0.099332,0.106516,-0.007184,0
2026-05-23T22:31:45.417Z,1779575504000,1779575504384,1779575505417,1779575505417,794583,795,76449.75,76424.41,76457.90,0.524958,0.552354,0.515616,0.514789,0.518934,0.518332,0.424784,0.290000,0.300000,buy,0.300000,0.305400,0.018000,0.700000,0.710000,0.210216,0.182669,0.027547,0,0.209389,0.182954,0.026434,0,0.213534,0.181498,0.032036,0,0.212932,0.181713,0.031219,0,0.119384,0.108533,0.010851,0
2026-05-23T22:31:47.365Z,1779575506000,1779575506416,1779575507365,1779575507365,792635,793,76449.75,76430.74,76457.90,0.524958,0.552354,0.515637,0.514808,0.518958,0.518356,0.443253,0.290000,0.300000,buy,0.300000,0.305400,0.018000,0.700000,0.710000,0.210237,0.190715,0.019522,0,0.209408,0.190753,0.018655,0,0.213558,0.190541,0.023018,0,0.212956,0.190575,0.022382,0,0.137853,0.112556,0.025297,0
2026-05-23T22:31:48.809Z,1779575507000,1779575508361,1779575508809,1779575508809,791191,791,76449.75,76434.03,76457.90,0.524958,0.552354,0.515652,0.514823,0.518976,0.518374,0.452940,0.290000,0.300000,buy,0.300000,0.305400,0.018000,0.700000,0.710000,0.210252,0.196728,0.013524,0,0.209423,0.196518,0.012904,0,0.213576,0.197551,0.016025,0,0.212974,0.197403,0.015570,0,0.147540,0.117984,0.029556,0
2026-05-23T22:31:49.340Z,1779575508000,1779575508361,1779575509340,1779575509340,790660,791,76449.75,76433.41,76457.90,0.524958,0.552354,0.515658,0.514828,0.518983,0.518380,0.451095,0.290000,0.300000,buy,0.300000,0.305400,0.018000,0.700000,0.710000,0.210258,0.196828,0.013429,0,0.209428,0.196664,0.012764,0,0.213583,0.197468,0.016115,0,0.212980,0.197354,0.015626,0,0.145695,0.125056,0.020639,0
2026-05-23T22:31:50.365Z,1779575509000,1779575509399,1779575510365,1779575510365,789635,790,76449.75,76432.85,76457.90,0.524958,0.552354,0.515669,0.514838,0.518996,0.518393,0.449381,0.290000,0.300000,buy,0.300000,0.305400,0.018000,0.700000,0.710000,0.210269,0.195910,0.014358,0,0.209438,0.195791,0.013647,0,0.213596,0.196367,0.017229,0,0.212993,0.196286,0.016707,0,0.143981,0.130950,0.013031,0
2026-05-23T22:31:51.462Z,1779575510000,1779575510431,1779575511462,1779575511462,788538,789,76449.75,76433.09,76457.90,0.524958,0.552354,0.515680,0.514850,0.519010,0.518406,0.450070,0.290000,0.300000,buy,0.300000,0.305400,0.018000,0.700000,0.710000,0.210280,0.194990,0.015290,0,0.209450,0.194917,0.014532,0,0.213610,0.195263,0.018346,0,0.213006,0.195216,0.017790,0,0.144670,0.130825,0.013846,0
2026-05-23T22:31:52.022Z,1779575511000,1779575510431,1779575512022,1779575512022,787978,788,76449.75,76432.69,76457.90,0.524958,0.552354,0.515686,0.514855,0.519017,0.518413,0.448870,0.290000,0.300000,buy,0.300000,0.305400,0.018000,0.700000,0.710000,0.210286,0.197390,0.012896,0,0.209455,0.197198,0.012257,0,0.213617,0.198143,0.015474,0,0.213013,0.198008,0.015005,0,0.143470,0.130524,0.012946,0
2026-05-23T22:31:53.088Z,1779575512000,1779575512361,1779575513088,1779575513088,786912,787,76449.75,76431.84,76457.90,0.524958,0.552354,0.515697,0.514866,0.519030,0.518426,0.446320,0.290000,0.300000,buy,0.300000,0.305400,0.018000,0.700000,0.710000,0.210297,0.201678,0.008619,0,0.209466,0.201273,0.008193,0,0.213630,0.203288,0.010342,0,0.213026,0.202997,0.010029,0,0.140920,0.130332,0.010587,0
2026-05-23T22:31:54.180Z,1779575513000,1779575513358,1779575514180,1779575514180,785820,786,76449.75,76432.50,76457.90,0.524958,0.552354,0.515709,0.514877,0.519044,0.518439,0.448244,0.290000,0.300000,buy,0.300000,0.305400,0.018000,0.700000,0.710000,0.210309,0.205968,0.004341,0,0.209477,0.205351,0.004126,0,0.213644,0.208436,0.005208,0,0.213039,0.207989,0.005050,0,0.142844,0.133115,0.009730,0
2026-05-23T22:31:55.183Z,1779575514000,1779575514407,1779575515183,1779575515183,784817,785,76449.75,76432.51,76457.90,0.524958,0.552354,0.515720,0.514887,0.519057,0.518452,0.448221,0.290000,0.300000,buy,0.300000,0.305400,0.018000,0.700000,0.710000,0.210320,0.210261,0.000059,0,0.209487,0.209431,0.000056,0,0.213657,0.213587,0.000070,0,0.213052,0.212984,0.000068,0,0.142821,0.136569,0.006253,0
2026-05-23T22:31:56.151Z,1779575515000,1779575514407,1779575516151,1779575516151,783849,784,76449.75,76432.51,76457.90,0.524958,0.552354,0.515730,0.514897,0.519069,0.518464,0.448204,0.290000,0.300000,buy,0.300000,0.305400,0.018000,0.700000,0.710000,0.210330,0.210272,0.000058,0,0.209497,0.209442,0.000055,0,0.213669,0.213600,0.000069,0,0.213064,0.212997,0.000067,0,0.142804,0.140918,0.001886,0
2026-05-23T22:31:57.298Z,1779575516000,1779575516278,1779575517298,1779575517298,782702,783,76449.75,76432.35,76457.90,0.524958,0.552354,0.515742,0.514909,0.519084,0.518478,0.447688,0.290000,0.300000,buy,0.300000,0.305400,0.018000,0.700000,0.710000,0.210342,0.210284,0.000059,0,0.209509,0.209453,0.000056,0,0.213684,0.213614,0.000070,0,0.213078,0.213010,0.000068,0,0.142288,0.143260,-0.000972,0
2026-05-23T22:31:58.219Z,1779575517000,1779575517383,1779575518219,1779575518219,781781,782,76449.75,76432.26,76457.90,0.524958,0.552354,0.515752,0.514918,0.519095,0.518489,0.447377,0.290000,0.300000,buy,0.300000,0.305400,0.018000,0.700000,0.710000,0.210352,0.210294,0.000058,0,0.209518,0.209463,0.000055,0,0.213695,0.213627,0.000069,0,0.213089,0.213022,0.000067,0,0.141977,0.143703,-0.001727,0
2026-05-23T22:31:59.233Z,1779575518000,1779575518406,1779575519233,1779575519233,780767,781,76449.75,76432.28,76457.90,0.524958,0.552354,0.515763,0.514929,0.519108,0.518502,0.447403,0.290000,0.300000,buy,0.300000,0.305400,0.018000,0.700000,0.710000,0.210363,0.210304,0.000059,0,0.209529,0.209473,0.000056,0,0.213708,0.213638,0.000070,0,0.213102,0.213034,0.000068,0,0.142003,0.143147,-0.001144,0
2026-05-23T22:32:00.474Z,1779575519000,1779575520309,1779575520474,1779575520474,779526,780,76449.75,76432.57,76457.90,0.524958,0.552354,0.515776,0.514941,0.519124,0.518517,0.448253,0.290000,0.300000,buy,0.300000,0.305400,0.018000,0.700000,0.710000,0.210376,0.210315,0.000062,0,0.209541,0.209483,0.000059,0,0.213724,0.213651,0.000073,0,0.213117,0.213046,0.000071,0,0.142853,0.142778,0.000076,0
2026-05-23T22:32:01.495Z,1779575520000,1779575521393,1779575521495,1779575521495,778505,779,76449.75,76432.54,76457.90,0.524958,0.552354,0.515787,0.514952,0.519137,0.518530,0.448117,0.290000,0.300000,buy,0.300000,0.305400,0.018000,0.700000,0.710000,0.210387,0.210326,0.000062,0,0.209552,0.209493,0.000059,0,0.213737,0.213664,0.000073,0,0.213130,0.213058,0.000071,0,0.142717,0.142665,0.000052,0
2026-05-23T22:32:02.418Z,1779575521000,1779575521393,1779575522418,1779575522418,777582,778,76449.75,76432.38,76457.90,0.524958,0.552354,0.515797,0.514961,0.519149,0.518541,0.447603,0.290000,0.300000,buy,0.300000,0.305400,0.018000,0.700000,0.710000,0.210397,0.210336,0.000061,0,0.209561,0.209503,0.000058,0,0.213749,0.213677,0.000073,0,0.213141,0.213071,0.000070,0,0.142203,0.142470,-0.000266,0
2026-05-23T22:32:03.714Z,1779575522000,1779575523426,1779575523714,1779575523714,776286,776,76449.75,76432.50,76457.90,0.524958,0.552354,0.515812,0.514975,0.519166,0.518558,0.447916,0.290000,0.300000,buy,0.300000,0.305400,0.018000,0.700000,0.710000,0.210412,0.210348,0.000064,0,0.209575,0.209514,0.000061,0,0.213766,0.213690,0.000076,0,0.213158,0.213084,0.000074,0,0.142516,0.142343,0.000173,0
2026-05-23T22:32:04.278Z,1779575523000,1779575523426,1779575524278,1779575524278,775722,776,76449.75,76432.46,76457.90,0.524958,0.552354,0.515818,0.514981,0.519173,0.518565,0.447802,0.290000,0.300000,buy,0.300000,0.305400,0.018000,0.700000,0.710000,0.210418,0.210359,0.000059,0,0.209581,0.209525,0.000056,0,0.213773,0.213703,0.000070,0,0.213165,0.213097,0.000068,0,0.142402,0.142503,-0.000101,0
2026-05-23T22:32:05.299Z,1779575524000,1779575524423,1779575525299,1779575525299,774701,775,76449.75,76432.64,76461.35,0.524958,0.552354,0.522719,0.521541,0.527452,0.526593,0.448301,0.290000,0.300000,buy,0.300000,0.305400,0.018000,0.700000,0.710000,0.217319,0.210370,0.006949,0,0.216141,0.209535,0.006606,0,0.222052,0.213716,0.008335,0,0.221193,0.213109,0.008083,0,0.142901,0.142458,0.000442,0
2026-05-23T22:32:06.278Z,1779575525000,1779575525408,1779575526278,1779575526278,773722,774,76449.75,76434.05,76474.32,0.524958,0.552354,0.548648,0.546194,0.558514,0.556723,0.452459,0.290000,0.300000,buy,0.300000,0.305400,0.018000,0.700000,0.710000,0.243248,0.211070,0.032178,0,0.240794,0.210200,0.030594,0,0.253114,0.214556,0.038558,0,0.251323,0.213924,0.037399,0,0.147059,0.142466,0.004592,0
2026-05-23T22:32:07.538Z,1779575526000,1779575527428,1779575527538,1779575527538,772462,772,76449.75,76444.53,76494.45,0.524958,0.552354,0.588485,0.584112,0.606000,0.602828,0.483932,0.290000,0.300000,buy,0.300000,0.305400,0.018000,0.700000,0.710000,0.283085,0.214362,0.068723,1,0.278712,0.213330,0.065382,1,0.300600,0.218500,0.082099,1,0.297428,0.217749,0.079679,1,0.178532,0.142892,0.035640,0
2026-05-23T22:32:08.423Z,1779575527000,1779575527428,1779575528423,1779575528423,771577,772,76449.75,76449.45,76494.45,0.524958,0.552354,0.588535,0.584160,0.606059,0.602887,0.498759,0.290000,0.300000,buy,0.300000,0.305400,0.018000,0.700000,0.710000,0.283135,0.221636,0.061499,1,0.278760,0.220250,0.058509,1,0.300659,0.227192,0.073468,1,0.297487,0.226185,0.071302,1,0.193359,0.146516,0.046843,1
2026-05-23T22:32:09.479Z,1779575528000,1779575529426,1779575529479,1779575529479,770521,771,76449.75,76460.02,76494.45,0.524958,0.552354,0.588595,0.584217,0.606131,0.602956,0.530619,0.290000,0.300000,buy,0.300000,0.305400,0.018000,0.700000,0.710000,0.283195,0.228914,0.054281,1,0.278817,0.227174,0.051643,1,0.300731,0.235888,0.064843,1,0.297556,0.234624,0.062932,1,0.225219,0.151655,0.073565,1
2026-05-23T22:32:10.488Z,1779575529000,1779575530419,1779575530488,1779575530488,769512,770,76449.75,76461.18,76494.45,0.524958,0.552354,0.588653,0.584272,0.606199,0.603023,0.534139,0.290000,0.300000,buy,0.300000,0.305400,0.018000,0.700000,0.710000,0.283253,0.236197,0.047056,1,0.278872,0.234103,0.044769,1,0.300799,0.244591,0.056209,1,0.297623,0.243070,0.054553,1,0.228739,0.159976,0.068763,1
2026-05-23T22:32:11.822Z,1779575530000,1779575531420,1779575531822,1779575531822,768178,768,76449.75,76464.22,76493.02,0.524958,0.552354,0.585940,0.581688,0.602978,0.599892,0.543290,0.290000,0.300000,buy,0.300000,0.305400,0.018000,0.700000,0.710000,0.280540,0.243485,0.037055,0,0.276288,0.241036,0.035251,0,0.297578,0.253298,0.044280,1,0.294492,0.251520,0.042972,1,0.237890,0.168565,0.069325,1
2026-05-23T22:32:12.658Z,1779575531000,1779575532428,1779575532658,1779575532658,767342,767,76449.75,76465.54,76493.02,0.524958,0.552354,0.585987,0.581732,0.603033,0.599946,0.547281,0.290000,0.300000,buy,0.300000,0.305400,0.018000,0.700000,0.710000,0.280587,0.250500,0.030087,0,0.276332,0.247710,0.028622,0,0.297633,0.261682,0.035951,0,0.294546,0.259656,0.034890,0,0.241881,0.178082,0.063799,1
2026-05-23T22:32:13.008Z,1779575532000,1779575532428,1779575533008,1779575533008,766992,767,76449.75,76464.35,76493.02,0.524958,0.552354,0.586006,0.581751,0.603056,0.599969,0.543733,0.290000,0.300000,buy,0.300000,0.305400,0.018000,0.700000,0.710000,0.280606,0.257519,0.023087,0,0.276351,0.254387,0.021964,0,0.297656,0.270071,0.027586,0,0.294569,0.267797,0.026772,0,0.238333,0.188050,0.050283,1
2026-05-23T22:32:14.604Z,1779575533000,1779575534423,1779575534604,1779575534604,765396,765,76449.75,76464.49,76493.02,0.524958,0.552354,0.586096,0.581836,0.603162,0.600071,0.544190,0.290000,0.300000,buy,0.300000,0.305400,0.018000,0.700000,0.710000,0.280696,0.264539,0.016157,0,0.276436,0.261065,0.015371,0,0.297762,0.278460,0.019303,0,0.294671,0.275938,0.018733,0,0.238790,0.197631,0.041158,1
2026-05-23T22:32:15.526Z,1779575534000,1779575535431,1779575535526,1779575535526,764474,764,76449.75,76463.84,76493.02,0.524958,0.552354,0.586147,0.581885,0.603224,0.600131,0.542254,0.290000,0.300000,buy,0.300000,0.305400,0.018000,0.700000,0.710000,0.280747,0.271566,0.009181,0,0.276485,0.267750,0.008735,0,0.297824,0.286859,0.010965,0,0.294731,0.284089,0.010642,0,0.236854,0.207270,0.029584,0
2026-05-23T22:32:16.550Z,1779575535000,1779575536420,1779575536550,1779575536550,763450,763,76449.75,76465.76,76493.02,0.524958,0.552354,0.586205,0.581940,0.603292,0.600197,0.548068,0.290000,0.300000,buy,0.300000,0.305400,0.018000,0.700000,0.710000,0.280805,0.277909,0.002896,0,0.276540,0.273785,0.002755,0,0.297892,0.294436,0.003456,0,0.294797,0.291443,0.003355,0,0.242668,0.216666,0.026003,0
2026-05-23T22:32:17.114Z,1779575536000,1779575536420,1779575537114,1779575537114,762886,763,76449.75,76467.42,76493.02,0.524958,0.552354,0.586236,0.581970,0.603329,0.600234,0.553086,0.290000,0.300000,buy,0.300000,0.305400,0.018000,0.700000,0.710000,0.280836,0.281665,-0.000828,0,0.276570,0.277359,-0.000789,0,0.297929,0.298914,-0.000984,0,0.294834,0.295790,-0.000956,0,0.247686,0.226227,0.021460,0
2026-05-23T22:32:18.025Z,1779575537000,1779575537425,1779575538025,1779575538025,761975,762,76449.75,76468.05,76501.33,0.524958,0.552354,0.602608,0.597574,0.622731,0.619093,0.555005,0.290000,0.300000,buy,0.300000,0.305400,0.018000,0.700000,0.710000,0.297208,0.281440,0.015768,0,0.292174,0.277145,0.015029,0,0.317331,0.298646,0.018684,0,0.313693,0.295531,0.018162,0,0.249605,0.233142,0.016463,0
2026-05-23T22:32:19.133Z,1779575538000,1779575538359,1779575539133,1779575539133,760867,761,76449.75,76469.74,76509.04,0.524958,0.552354,0.617674,0.611947,0.640501,0.636382,0.560128,0.290000,0.300000,buy,0.300000,0.305400,0.018000,0.700000,0.710000,0.312274,0.282847,0.029427,0,0.306547,0.278487,0.028061,0,0.335101,0.300314,0.034787,0,0.330982,0.297151,0.033831,0,0.254728,0.238767,0.015962,0
2026-05-23T22:32:20.329Z,1779575539000,1779575539408,1779575540329,1779575540329,759671,760,76449.75,76474.90,76509.04,0.524958,0.552354,0.617765,0.612034,0.640607,0.636486,0.575639,0.290000,0.300000,buy,0.300000,0.305400,0.018000,0.700000,0.710000,0.312365,0.285755,0.026610,0,0.306634,0.281260,0.025374,0,0.335207,0.303751,0.031457,0,0.331086,0.300494,0.030592,0,0.270239,0.241717,0.028521,0
2026-05-23T22:32:21.366Z,1779575540000,1779575540424,1779575541366,1779575541366,758634,759,76449.75,76478.20,76509.04,0.524958,0.552354,0.617844,0.612109,0.640700,0.636576,0.585510,0.290000,0.300000,buy,0.300000,0.305400,0.018000,0.700000,0.710000,0.312444,0.288666,0.023777,0,0.306709,0.284036,0.022673,0,0.335300,0.307191,0.028109,0,0.331176,0.303840,0.027336,0,0.280110,0.245867,0.034243,0
2026-05-23T22:32:22.338Z,1779575541000,1779575541388,1779575542338,1779575542338,757662,758,76449.75,76479.43,76509.04,0.524958,0.552354,0.617918,0.612180,0.640787,0.636661,0.589224,0.290000,0.300000,buy,0.300000,0.305400,0.018000,0.700000,0.710000,0.312518,0.291857,0.020661,0,0.306780,0.287078,0.019702,0,0.335387,0.310964,0.024423,0,0.331261,0.307509,0.023752,0,0.283824,0.250089,0.033734,0
2026-05-23T22:32:23.504Z,1779575542000,1779575543383,1779575543504,1779575543504,756496,756,76449.75,76478.26,76509.04,0.524958,0.552354,0.618007,0.612265,0.640891,0.636762,0.585792,0.290000,0.300000,buy,0.300000,0.305400,0.018000,0.700000,0.710000,0.312607,0.295050,0.017557,0,0.306865,0.290123,0.016742,0,0.335491,0.314739,0.020752,0,0.331362,0.311180,0.020182,0,0.280392,0.254284,0.026109,0
2026-05-23T22:32:24.536Z,1779575543000,1779575544419,1779575544536,1779575544536,755464,755,76449.75,76478.36,76509.04,0.524958,0.552354,0.618085,0.612340,0.640984,0.636853,0.586144,0.290000,0.300000,buy,0.300000,0.305400,0.018000,0.700000,0.710000,0.312685,0.298250,0.014435,0,0.306940,0.293174,0.013766,0,0.335584,0.318522,0.017062,0,0.331453,0.314859,0.016593,0,0.280744,0.258490,0.022255,0
2026-05-23T22:32:25.715Z,1779575544000,1779575544419,1779575545715,1779575545715,754285,754,76449.75,76480.87,76509.04,0.524958,0.552354,0.618176,0.612426,0.641090,0.636956,0.593688,0.290000,0.300000,buy,0.300000,0.305400,0.018000,0.700000,0.710000,0.312776,0.301449,0.011327,0,0.307026,0.296224,0.010802,0,0.335690,0.322305,0.013385,0,0.331556,0.318538,0.013018,0,0.288288,0.262685,0.025603,0
2026-05-23T22:32:26.149Z,1779575545000,1779575544419,1779575546149,1779575546149,753851,754,76449.75,76481.32,76509.04,0.524958,0.552354,0.618209,0.612458,0.641129,0.636994,0.595052,0.290000,0.300000,buy,0.300000,0.305400,0.018000,0.700000,0.710000,0.312809,0.304652,0.008157,0,0.307058,0.299279,0.007779,0,0.335729,0.326091,0.009638,0,0.331594,0.322220,0.009374,0,0.289652,0.267829,0.021824,0
2026-05-23T22:32:27.406Z,1779575546000,1779575546409,1779575547406,1779575547406,752594,753,76449.75,76481.28,76516.70,0.524958,0.552354,0.633080,0.626662,0.658575,0.653985,0.594997,0.290000,0.300000,buy,0.300000,0.305400,0.018000,0.700000,0.710000,0.327680,0.307852,0.019827,0,0.321262,0.302330,0.018932,0,0.353175,0.329875,0.023300,0,0.348585,0.325900,0.022686,0,0.289597,0.272527,0.017070,0
2026-05-23T22:32:28.327Z,1779575547000,1779575547410,1779575548327,1779575548327,751673,752,76449.75,76483.55,76516.70,0.524958,0.552354,0.633159,0.626738,0.658667,0.654075,0.601786,0.290000,0.300000,buy,0.300000,0.305400,0.018000,0.700000,0.710000,0.327759,0.312537,0.015222,0,0.321338,0.306800,0.014538,0,0.353267,0.335399,0.017867,0,0.348675,0.331275,0.017401,0,0.296386,0.276718,0.019668,0
2026-05-23T22:32:29.860Z,1779575548000,1779575549404,1779575549860,1779575549860,750140,750,76449.75,76483.87,76516.68,0.524958,0.552354,0.633271,0.626845,0.658798,0.654204,0.602819,0.290000,0.300000,buy,0.300000,0.305400,0.018000,0.700000,0.710000,0.327871,0.315592,0.012280,0,0.321445,0.309716,0.011729,0,0.353398,0.338993,0.014405,0,0.348804,0.334773,0.014030,0,0.297419,0.281396,0.016023,0
2026-05-23T22:32:30.739Z,1779575549000,1779575550394,1779575550739,1779575550739,749261,749,76449.75,76484.32,76520.64,0.524958,0.552354,0.640915,0.634154,0.667725,0.662906,0.604215,0.290000,0.300000,buy,0.300000,0.305400,0.018000,0.700000,0.710000,0.335515,0.317151,0.018364,0,0.328754,0.311206,0.017548,0,0.362325,0.340823,0.021503,0,0.357506,0.336555,0.020951,0,0.298815,0.285665,0.013150,0
2026-05-23T22:32:31.499Z,1779575550000,1779575551414,1779575551499,1779575551499,748501,749,76449.75,76488.61,76520.64,0.524958,0.552354,0.640984,0.634219,0.667806,0.662984,0.616888,0.290000,0.300000,buy,0.300000,0.305400,0.018000,0.700000,0.710000,0.335584,0.319466,0.016118,0,0.328819,0.313418,0.015402,0,0.362406,0.343535,0.018871,0,0.357584,0.339197,0.018387,0,0.311488,0.288523,0.022965,0
2026-05-23T22:32:32.529Z,1779575551000,1779575552348,1779575552529,1779575552529,747471,747,76449.75,76491.66,76520.64,0.524958,0.552354,0.641077,0.634309,0.667915,0.663090,0.625881,0.290000,0.300000,buy,0.300000,0.305400,0.018000,0.700000,0.710000,0.335677,0.321780,0.013897,0,0.328909,0.315629,0.013280,0,0.362515,0.346245,0.016270,0,0.357690,0.341838,0.015852,0,0.320481,0.291661,0.028821,0
2026-05-23T22:32:33.446Z,1779575552000,1779575552348,1779575553446,1779575553446,746554,747,76449.75,76493.25,76520.64,0.524958,0.552354,0.641161,0.634389,0.668012,0.663185,0.630571,0.290000,0.300000,buy,0.300000,0.305400,0.018000,0.700000,0.710000,0.335761,0.324096,0.011665,0,0.328989,0.317842,0.011147,0,0.362612,0.348958,0.013654,0,0.357785,0.344481,0.013304,0,0.325171,0.295326,0.029844,0
2026-05-23T22:32:34.664Z,1779575553000,1779575554424,1779575554664,1779575554664,745336,745,76449.75,76493.95,76528.36,0.524958,0.552354,0.655934,0.648529,0.685179,0.679937,0.632692,0.290000,0.300000,buy,0.300000,0.305400,0.018000,0.700000,0.710000,0.350534,0.326412,0.024122,0,0.343129,0.320054,0.023075,0,0.379779,0.351670,0.028109,0,0.374537,0.347123,0.027413,0,0.327292,0.299804,0.027488,0
2026-05-23T22:32:35.392Z,1779575554000,1779575554424,1779575555392,1779575555392,744608,745,76449.75,76496.52,76528.36,0.524958,0.552354,0.656006,0.648599,0.685263,0.680019,0.640184,0.290000,0.300000,buy,0.300000,0.305400,0.018000,0.700000,0.710000,0.350606,0.330196,0.020410,0,0.343199,0.323673,0.019526,0,0.379863,0.356090,0.023774,0,0.374619,0.351432,0.023187,0,0.334784,0.304459,0.030325,0
2026-05-23T22:32:36.618Z,1779575555000,1779575555429,1779575556618,1779575556618,743382,743,76449.75,76498.68,76532.21,0.524958,0.552354,0.663382,0.655666,0.693789,0.688347,0.646490,0.290000,0.300000,buy,0.300000,0.305400,0.018000,0.700000,0.710000,0.357982,0.333979,0.024002,0,0.350266,0.327290,0.022976,0,0.388389,0.360507,0.027882,0,0.382947,0.355738,0.027209,0,0.341090,0.309109,0.031982,0
